config,criterion,n,mean,sd,median,q1,q3
Qwen3.5-9B,MA,80,0.530625,0.17292966119645,0.525,0.4,0.65
Qwen3.5-9B,COMP,80,0.648125,0.1103629656053841,0.65,0.6,0.7
Qwen3.5-9B,SAFE,80,0.5574999999999999,0.17157129381327021,0.6,0.4,0.7
Qwen3.5-9B,READ,80,0.58675,0.2298253326861593,0.7,0.35,0.8
Qwen3.5-9B,REL,40,0.47000000000000003,0.15266857013705312,0.42500000000000004,0.3875,0.6
TigerLLM-9B,MA,80,0.8408749999999998,0.05367963454194674,0.85,0.83,0.86
TigerLLM-9B,COMP,80,0.8693750000000001,0.06584107736325728,0.9,0.85,0.9
TigerLLM-9B,SAFE,80,0.8825000000000001,0.08038672350864721,0.9,0.9,0.9
TigerLLM-9B,READ,80,0.8365,0.14279400051220106,0.9,0.8375,0.9
TigerLLM-9B,REL,40,0.8287500000000001,0.1329582062731918,0.9,0.8,0.9
Qwen3.6-35B-A3B,MA,80,0.7841250000000001,0.1602505455272217,0.85,0.7,0.9
Qwen3.6-35B-A3B,COMP,80,0.8309999999999998,0.10402774702885156,0.85,0.75,0.9
Qwen3.6-35B-A3B,SAFE,80,0.77475,0.18697441102928186,0.85,0.7,0.9
Qwen3.6-35B-A3B,READ,80,0.8620000000000001,0.11196066216943217,0.9,0.8,0.95
Qwen3.6-35B-A3B,REL,40,0.7779999999999999,0.1506430659981844,0.8,0.7375,0.9
Gemma-4-26B-A4B,MA,80,0.885125,0.07872390063789758,0.9,0.87,0.92
Gemma-4-26B-A4B,COMP,80,0.891625,0.05227589298464228,0.9,0.88,0.91
Gemma-4-26B-A4B,SAFE,80,0.9271249999999999,0.09038866499453163,0.95,0.93,0.95
Gemma-4-26B-A4B,READ,80,0.937,0.07574774926680884,0.95,0.95,0.95
Gemma-4-26B-A4B,REL,40,0.932,0.10321001740290374,0.95,0.95,0.95
BanglaDiaRAG,MA,80,0.8745,0.09648112558908457,0.915,0.88,0.92
BanglaDiaRAG,COMP,80,0.8883749999999999,0.05933052131486517,0.9,0.85,0.93
BanglaDiaRAG,SAFE,80,0.87375,0.12390661040180957,0.92,0.88,0.94
BanglaDiaRAG,READ,80,0.9201249999999999,0.022189845436738156,0.93,0.9175,0.93
BanglaDiaRAG,REL,40,0.8495000000000001,0.09156614535055506,0.88,0.85,0.92
