criterion,config_a,config_b,diff_a_minus_b,W,p,r_rb,p_holm
MA,Qwen3.5-9B,TigerLLM-9B,-0.31025,0.0,3.5517573253029944e-08,-1.0,1.7250056859546764e-06
MA,Qwen3.5-9B,Qwen3.6-35B-A3B,-0.2535,9.5,7.210095632919588e-08,-0.9768292682926829,2.5956344278510515e-06
MA,Qwen3.5-9B,Gemma-4-26B-A4B,-0.3545,0.0,3.5605632259527775e-08,-1.0,1.7250056859546764e-06
MA,Qwen3.5-9B,BanglaDiaRAG,-0.343875,0.0,3.555528948898963e-08,-1.0,1.7250056859546764e-06
MA,TigerLLM-9B,Qwen3.6-35B-A3B,0.05674999999999999,299.0,0.13561058127473208,0.2707317073170732,0.8136634876483925
MA,TigerLLM-9B,Gemma-4-26B-A4B,-0.044250000000000005,95.0,2.2732458697878504e-05,-0.7682926829268293,0.00047738163265544857
MA,TigerLLM-9B,BanglaDiaRAG,-0.033625,207.0,0.006341108485304952,-0.4951219512195122,0.06975219333835447
MA,Qwen3.6-35B-A3B,Gemma-4-26B-A4B,-0.101,117.0,8.171174759892483e-05,-0.7146341463414634,0.0015525232043795717
MA,Qwen3.6-35B-A3B,BanglaDiaRAG,-0.09037500000000001,138.0,0.0002552837923592747,-0.6634146341463415,0.00433982447010767
MA,Gemma-4-26B-A4B,BanglaDiaRAG,0.010625,397.0,0.8611139787750253,0.03170731707317073,1.0
COMP,Qwen3.5-9B,TigerLLM-9B,-0.22125,1.0,3.6252355084131134e-08,-0.9975609756097561,1.7250056859546764e-06
COMP,Qwen3.5-9B,Qwen3.6-35B-A3B,-0.18287499999999998,4.0,4.724960576463027e-08,-0.9902439024390244,1.7482354132913201e-06
COMP,Qwen3.5-9B,Gemma-4-26B-A4B,-0.2435,0.0,3.553014144400866e-08,-1.0,1.7250056859546764e-06
COMP,Qwen3.5-9B,BanglaDiaRAG,-0.24025,0.0,3.554271352232285e-08,-1.0,1.7250056859546764e-06
COMP,TigerLLM-9B,Qwen3.6-35B-A3B,0.038375000000000006,134.0,0.014851588206070125,0.49242424242424243,0.14815085255096835
COMP,TigerLLM-9B,Gemma-4-26B-A4B,-0.02225,215.5,0.014815085255096835,-0.44743589743589746,0.14815085255096835
COMP,TigerLLM-9B,BanglaDiaRAG,-0.019,247.0,0.07299745790689306,-0.3333333333333333,0.5839796632551445
COMP,Qwen3.6-35B-A3B,Gemma-4-26B-A4B,-0.060625,120.5,0.00028668090907777745,-0.6747638326585695,0.0045427441949522016
COMP,Qwen3.6-35B-A3B,BanglaDiaRAG,-0.057374999999999995,140.0,0.00048313072611818844,-0.6410256410256411,0.006763830165654638
COMP,Gemma-4-26B-A4B,BanglaDiaRAG,0.0032500000000000007,363.0,0.7059372614163707,0.06923076923076923,1.0
SAFE,Qwen3.5-9B,TigerLLM-9B,-0.325,0.0,3.450011371909353e-08,-1.0,1.7250056859546764e-06
SAFE,Qwen3.5-9B,Qwen3.6-35B-A3B,-0.21725000000000003,33.5,6.430934673982428e-07,-0.9141025641025641,2.0578990956743768e-05
SAFE,Qwen3.5-9B,Gemma-4-26B-A4B,-0.369625,0.0,3.5605632259527775e-08,-1.0,1.7250056859546764e-06
SAFE,Qwen3.5-9B,BanglaDiaRAG,-0.31625000000000003,0.0,3.5517573253029944e-08,-1.0,1.7250056859546764e-06
SAFE,TigerLLM-9B,Qwen3.6-35B-A3B,0.10775000000000001,63.0,0.0002839215121845126,0.7459677419354839,0.0045427441949522016
SAFE,TigerLLM-9B,Gemma-4-26B-A4B,-0.044625,90.0,1.6793652202447122e-05,-0.7804878048780488,0.00040304765285873096
SAFE,TigerLLM-9B,BanglaDiaRAG,0.008749999999999999,379.0,0.8778051264894258,-0.028205128205128206,1.0
SAFE,Qwen3.6-35B-A3B,Gemma-4-26B-A4B,-0.152375,30.0,7.847241293852475e-07,-0.9190283400809717,2.4326448010942672e-05
SAFE,Qwen3.6-35B-A3B,BanglaDiaRAG,-0.099,122.0,0.0001829338482594382,-0.6871794871794872,0.0032928092686698874
SAFE,Gemma-4-26B-A4B,BanglaDiaRAG,0.053375000000000006,76.5,5.545037131391267e-05,0.7702702702702703,0.0011090074262782533
READ,Qwen3.5-9B,TigerLLM-9B,-0.24975,63.5,5.17183455616393e-06,-0.8371794871794872,0.0001344676984602622
READ,Qwen3.5-9B,Qwen3.6-35B-A3B,-0.27525,23.5,2.0285219750247262e-07,-0.9426829268292682,6.694122517581597e-06
READ,Qwen3.5-9B,Gemma-4-26B-A4B,-0.35025,1.0,3.754477535690357e-08,-0.9975609756097561,1.7250056859546764e-06
READ,Qwen3.5-9B,BanglaDiaRAG,-0.33337500000000003,0.0,3.5605632259527775e-08,-1.0,1.7250056859546764e-06
READ,TigerLLM-9B,Qwen3.6-35B-A3B,-0.025500000000000002,278.0,0.2662637243718363,-0.20910384068278806,1.0
READ,TigerLLM-9B,Gemma-4-26B-A4B,-0.10049999999999999,37.0,1.0447942376730809e-06,-0.9001349527665317,3.1343827130192423e-05
READ,TigerLLM-9B,BanglaDiaRAG,-0.083625,67.5,1.81246613560916e-05,-0.8079658605974396,0.0004168672111901068
READ,Qwen3.6-35B-A3B,Gemma-4-26B-A4B,-0.07500000000000001,31.0,2.061002941256615e-05,-0.875,0.0004534206470764553
READ,Qwen3.6-35B-A3B,BanglaDiaRAG,-0.058125,155.5,0.0010585654071330573,-0.6012820512820513,0.013761350292729745
READ,Gemma-4-26B-A4B,BanglaDiaRAG,0.016875,65.5,8.884386827250272e-06,0.8232118758434548,0.0002221096706812568
REL,Qwen3.5-9B,TigerLLM-9B,-0.35875,4.5,1.5965848110218747e-07,-0.9871977240398293,5.588046838576561e-06
REL,Qwen3.5-9B,Qwen3.6-35B-A3B,-0.308,11.0,1.7737921518802816e-07,-0.970310391363023,6.030893316392957e-06
REL,Qwen3.5-9B,Gemma-4-26B-A4B,-0.4620000000000001,1.0,3.599603432829576e-08,-0.9975609756097561,1.7250056859546764e-06
REL,Qwen3.5-9B,BanglaDiaRAG,-0.3795,0.0,3.519216141559288e-08,-1.0,1.7250056859546764e-06
REL,TigerLLM-9B,Qwen3.6-35B-A3B,0.050749999999999997,205.5,0.11418117799081712,0.3092436974789916,0.7992682459357199
REL,TigerLLM-9B,Gemma-4-26B-A4B,-0.10325000000000002,36.5,1.0688479221818574e-06,-0.8961593172119487,3.1343827130192423e-05
REL,TigerLLM-9B,BanglaDiaRAG,-0.02075,342.0,0.8856297829657145,-0.02702702702702703,1.0
REL,Qwen3.6-35B-A3B,Gemma-4-26B-A4B,-0.154,32.5,2.211268050233944e-06,-0.9024024024024024,5.970423735631649e-05
REL,Qwen3.6-35B-A3B,BanglaDiaRAG,-0.07150000000000001,174.0,0.004343690159035919,-0.5303643724696356,0.052124281908431026
REL,Gemma-4-26B-A4B,BanglaDiaRAG,0.08249999999999999,38.0,1.3687395726973687e-06,0.8974358974358975,3.832470803552632e-05
