criterion,baseline,mean_rag,mean_base,diff,ci_lo,ci_hi,median_diff,wins,ties,losses,W,p,r_rb,p_holm
MA,Qwen3.5-9B,0.8745,0.5306249999999999,0.343875,0.30687499999999995,0.3825,0.3325,40,0,0,0.0,3.555528948898963e-08,1.0,7.038432283118577e-07
MA,TigerLLM-9B,0.8745,0.8408750000000002,0.033625,0.010500000000000002,0.05575312499999996,0.05,30,0,10,207.0,0.006341108485304952,0.4951219512195122,0.03804665091182971
MA,Qwen3.6-35B-A3B,0.8745,0.7841250000000001,0.09037500000000001,0.047496875,0.13587500000000002,0.042499999999999996,32,0,8,138.0,0.0002552837923592747,0.6634146341463415,0.002552837923592747
MA,Gemma-4-26B-A4B,0.8745,0.885125,-0.010625,-0.037753125000000005,0.01650312499999996,0.005,21,0,19,397.0,0.8611139787750253,-0.03170731707317073,1.0
COMP,Qwen3.5-9B,0.8883750000000001,0.648125,0.24025,0.21174687499999997,0.269625,0.2375,40,0,0,0.0,3.554271352232285e-08,1.0,7.038432283118577e-07
COMP,TigerLLM-9B,0.8883750000000001,0.869375,0.019,-0.003125,0.04212500000000001,0.0075,24,2,14,247.0,0.07299745790689306,0.3333333333333333,0.3649872895344653
COMP,Qwen3.6-35B-A3B,0.8883750000000001,0.8310000000000001,0.057374999999999995,0.03025,0.0865,0.037500000000000006,27,1,12,140.0,0.00048313072611818844,0.6410256410256411,0.004348176535063696
COMP,Gemma-4-26B-A4B,0.8883750000000001,0.891625,-0.0032500000000000007,-0.022375,0.016628124999999955,0.0025,20,1,19,363.0,0.7059372614163707,-0.06923076923076923,1.0
SAFE,Qwen3.5-9B,0.87375,0.5574999999999999,0.31625000000000003,0.278246875,0.35612812499999996,0.2925,40,0,0,0.0,3.5517573253029944e-08,1.0,7.038432283118577e-07
SAFE,TigerLLM-9B,0.87375,0.8825,-0.008749999999999999,-0.035875000000000004,0.01662812499999996,-0.0025,19,1,20,379.0,0.8778051264894258,0.028205128205128206,1.0
SAFE,Qwen3.6-35B-A3B,0.87375,0.7747499999999999,0.099,0.0495,0.1495,0.04,31,1,8,122.0,0.0001829338482594382,0.6871794871794872,0.0020122723308538203
SAFE,Gemma-4-26B-A4B,0.87375,0.927125,-0.053375000000000006,-0.08862812500000002,-0.016875,-0.0275,5,4,31,76.5,5.545037131391267e-05,-0.7702702702702703,0.000665404455766952
READ,Qwen3.5-9B,0.9201250000000002,0.58675,0.33337500000000003,0.26725,0.40012500000000006,0.29000000000000004,40,0,0,0.0,3.5605632259527775e-08,1.0,7.038432283118577e-07
READ,TigerLLM-9B,0.9201250000000002,0.8365,0.083625,0.048625,0.12349999999999998,0.0325,30,3,7,67.5,1.81246613560916e-05,0.8079658605974396,0.0002356205976291908
READ,Qwen3.6-35B-A3B,0.9201250000000002,0.8620000000000001,0.058125,0.028375,0.09212812499999995,0.0275,26,1,13,155.5,0.0010585654071330573,0.6012820512820513,0.008468523257064459
READ,Gemma-4-26B-A4B,0.9201250000000002,0.9369999999999999,-0.016875,-0.032625,0.008128124999999953,-0.0225,2,2,36,65.5,8.884386827250272e-06,-0.8232118758434548,0.0001243814155815038
REL,Qwen3.5-9B,0.8495000000000001,0.47000000000000003,0.3795,0.33075,0.42700000000000005,0.42,40,0,0,0.0,3.519216141559288e-08,1.0,7.038432283118577e-07
REL,TigerLLM-9B,0.8495000000000001,0.8287500000000001,0.02075,-0.027000000000000003,0.07200000000000001,0.0,19,3,18,342.0,0.8856297829657145,0.02702702702702703,1.0
REL,Qwen3.6-35B-A3B,0.8495000000000001,0.7779999999999999,0.07150000000000001,0.026750000000000003,0.118,0.07,25,2,13,174.0,0.004343690159035919,0.5303643724696356,0.03040583111325143
REL,Gemma-4-26B-A4B,0.8495000000000001,0.932,-0.08249999999999999,-0.12349999999999998,-0.032493750000000085,-0.07,1,2,37,38.0,1.3687395726973687e-06,-0.8974358974358975,2.053109359046053e-05
