config,question,iteration,scripts
Qwen3.5-9B,4,2,DEVANAGARI (2)
Qwen3.5-9B,22,2,KATAKANA (2)
Qwen3.5-9B,33,1,ARABIC (4)
TigerLLM-9B,1,1,DEVANAGARI (6)
TigerLLM-9B,5,1,CYRILLIC (8); DEVANAGARI (6)
TigerLLM-9B,8,1,CYRILLIC (10)
TigerLLM-9B,11,1,TAMIL (8)
TigerLLM-9B,12,1,CYRILLIC (10)
TigerLLM-9B,17,1,DEVANAGARI (3)
TigerLLM-9B,17,2,CJK (2); DEVANAGARI (11)
TigerLLM-9B,20,1,DEVANAGARI (5)
TigerLLM-9B,25,1,DEVANAGARI (6)
TigerLLM-9B,25,2,DEVANAGARI (6)
TigerLLM-9B,26,2,DEVANAGARI (3)
TigerLLM-9B,27,2,DEVANAGARI (6)
TigerLLM-9B,30,1,DEVANAGARI (12)
TigerLLM-9B,36,1,DEVANAGARI (57)
TigerLLM-9B,36,2,DEVANAGARI (57)
TigerLLM-9B,38,1,DEVANAGARI (6)
TigerLLM-9B,38,2,DEVANAGARI (14); MALAYALAM (6)
TigerLLM-9B,39,1,DEVANAGARI (6)
TigerLLM-9B,39,2,DEVANAGARI (5); HANGUL (2)
Qwen3.6-35B-A3B,7,1,DEVANAGARI (4)
Qwen3.6-35B-A3B,18,2,CJK (2)
Qwen3.6-35B-A3B,32,1,CJK (2)
Gemma-4-26B-A4B,21,1,TAMIL (10)
