criterion,baseline,diff_rag_minus_base,se,p,p_holm
MA,Qwen3.5-9B,0.34387500000000026,0.016799248426079407,4.0136373907871695e-93,7.625911042495622e-92
MA,TigerLLM-9B,0.033625000000000384,0.01679924842607941,0.04533017594719216,0.31731123163034514
MA,Qwen3.6-35B-A3B,0.09037500000000027,0.01679924842607941,7.460801200951012e-08,1.1191201801426517e-06
MA,Gemma-4-26B-A4B,-0.010624999999999616,0.01679924842607941,0.5270806087364442,1.0
COMP,Qwen3.5-9B,0.24025000000000157,0.011711451942011586,1.6109370395811699e-93,3.22187407916234e-92
COMP,TigerLLM-9B,0.019000000000001637,0.011711451942011588,0.1047297817237946,0.6283786903427676
COMP,Qwen3.6-35B-A3B,0.057375000000001605,0.011711451942011588,9.630066252856173e-07,1.2519086128713024e-05
COMP,Gemma-4-26B-A4B,-0.0032499999999983783,0.011711451942011588,0.7813914801986153,1.0
SAFE,Qwen3.5-9B,0.3162499999999995,0.019503031904846355,3.923380993050802e-59,6.669747688186363e-58
SAFE,TigerLLM-9B,-0.008750000000000441,0.019503031904846358,0.6536854633699773,1.0
SAFE,Qwen3.6-35B-A3B,0.09899999999999953,0.019503031904846358,3.851920395137136e-07,5.3926885531919905e-06
SAFE,Gemma-4-26B-A4B,-0.053375000000000325,0.019503031904846355,0.006204867904704998,0.055843811142344976
READ,Qwen3.5-9B,0.3333749999999982,0.020042468445490152,3.990782765052292e-62,7.183408977094126e-61
READ,TigerLLM-9B,0.08362499999999808,0.020042468445490152,3.0142079372109322e-05,0.0003617049524653119
READ,Qwen3.6-35B-A3B,0.05812499999999813,0.02004246844549015,0.0037305329055186977,0.03730532905518698
READ,Gemma-4-26B-A4B,-0.01687500000000183,0.02004246844549015,0.39980913522605976,1.0
REL,Qwen3.5-9B,0.3794999999999999,0.02716776039992673,2.417905464335887e-44,3.868648742937419e-43
REL,TigerLLM-9B,0.02074999999999994,0.02716776039992673,0.4450025703458259,1.0
REL,Qwen3.6-35B-A3B,0.07149999999999979,0.027167760399926733,0.008493487373389001,0.06794789898711201
REL,Gemma-4-26B-A4B,-0.08250000000000021,0.027167760399926733,0.0023919324683073233,0.026311257151380555
