criterion,baseline,diff_rag_minus_base,p_adj
MA,Gemma-4-26B-A4B,-0.0106,0.9816
MA,Qwen3.5-9B,0.3439,0.0
MA,Qwen3.6-35B-A3B,0.0904,0.0
MA,TigerLLM-9B,0.0336,0.4056
COMP,Gemma-4-26B-A4B,-0.0033,0.9991
COMP,Qwen3.5-9B,0.2403,0.0
COMP,Qwen3.6-35B-A3B,0.0574,0.0001
COMP,TigerLLM-9B,0.019,0.5852
SAFE,Gemma-4-26B-A4B,-0.0534,0.1027
SAFE,Qwen3.5-9B,0.3162,0.0
SAFE,Qwen3.6-35B-A3B,0.099,0.0001
SAFE,TigerLLM-9B,-0.0087,0.9944
READ,Gemma-4-26B-A4B,-0.0169,0.9343
READ,Qwen3.5-9B,0.3334,0.0
READ,Qwen3.6-35B-A3B,0.0581,0.0542
READ,TigerLLM-9B,0.0836,0.0011
REL,Gemma-4-26B-A4B,-0.0825,0.0366
REL,Qwen3.5-9B,0.3795,0.0
REL,Qwen3.6-35B-A3B,0.0715,0.098
REL,TigerLLM-9B,0.0207,0.9513
