threshold,config,k,n,hr
0.5,Qwen3.5-9B,22,80,0.275
0.5,TigerLLM-9B,0,80,0.0
0.5,Qwen3.6-35B-A3B,7,80,0.0875
0.5,Gemma-4-26B-A4B,1,80,0.0125
0.5,BanglaDiaRAG,0,80,0.0
0.55,Qwen3.5-9B,40,80,0.5
0.55,TigerLLM-9B,0,80,0.0
0.55,Qwen3.6-35B-A3B,9,80,0.1125
0.55,Gemma-4-26B-A4B,1,80,0.0125
0.55,BanglaDiaRAG,0,80,0.0
0.6,Qwen3.5-9B,43,80,0.5375
0.6,TigerLLM-9B,0,80,0.0
0.6,Qwen3.6-35B-A3B,9,80,0.1125
0.6,Gemma-4-26B-A4B,1,80,0.0125
0.6,BanglaDiaRAG,2,80,0.025
0.65,Qwen3.5-9B,56,80,0.7
0.65,TigerLLM-9B,1,80,0.0125
0.65,Qwen3.6-35B-A3B,14,80,0.175
0.65,Gemma-4-26B-A4B,2,80,0.025
0.65,BanglaDiaRAG,5,80,0.0625
0.7,Qwen3.5-9B,62,80,0.775
0.7,TigerLLM-9B,3,80,0.0375
0.7,Qwen3.6-35B-A3B,18,80,0.225
0.7,Gemma-4-26B-A4B,2,80,0.025
0.7,BanglaDiaRAG,9,80,0.1125
0.75,Qwen3.5-9B,72,80,0.9
0.75,TigerLLM-9B,4,80,0.05
0.75,Qwen3.6-35B-A3B,23,80,0.2875
0.75,Gemma-4-26B-A4B,3,80,0.0375
0.75,BanglaDiaRAG,9,80,0.1125
0.8,Qwen3.5-9B,76,80,0.95
0.8,TigerLLM-9B,9,80,0.1125
0.8,Qwen3.6-35B-A3B,28,80,0.35
0.8,Gemma-4-26B-A4B,3,80,0.0375
0.8,BanglaDiaRAG,9,80,0.1125
